"1","luther.bowser@seeley.net","ALPHONSO","ALLISON","Мужчина","Colombia","A","Оплата подтверждена"
"2","h.thurston@hotmail.com","ANTONIO","ARIAS","Мужчина","China","B","Оплата не подтверждена"
"3","mercedes@dayrep.net","APRIL","BITSUIE","Мужчина","Croatia","C","Оплата подтверждена"
"4","pkonopacki110@outlook.com","ALEX","BLUM","Женщина","Andorra","A","Оплата не подтверждена"
"5","l.beasley@hotmail.com","ANKE","COPELAND","Мужчина","Czech Republic","B","Оплата не подтверждена"
"6","guy@nord.net","ANDRES","CURRIE","Мужчина","Slovakia","C","Оплата не подтверждена"
"7","k.colaizzo@sizzling.com","BRET","DUPREE","Мужчина","Slovakia","A","Оплата не подтверждена"
"8","bkerr195@sizzling.com","BELLA","WILKINS","Женщина","Philippines","B","Оплата не подтверждена"
"9","fbruce444@gmail.com","BEN","CORRIO","Мужчина","Vatican","C","Оплата не подтверждена"
"10","dtabor280@gmail.com","BETTY","DORAN","Женщина","Botswana","B","Оплата не подтверждена"
"11","b.patak@gmail.com","BAHIYA","HARPER","Женщина","China","C","Оплата не подтверждена"
"12","tlassiter478@gmail.com","BOBBY","HAY","Мужчина","Ecuador","A","Оплата не подтверждена"
"13","vicenta@gmail.com","CHARLIE","BERMUDEZ","Мужчина","United States","B","Оплата не подтверждена"
"14","m.pritchett@milkwoodproductions.com","CHERI","SIMS","Мужчина","Andorra","C","Оплата не подтверждена"
"15","rodolfo.rubin@hotmail.com","CHRISSY","BUSBY","Женщина","Chile","A","Оплата подтверждена"
"16","becky.lipke@milkwoodproductions.com","CANDY","KERR","Женщина","Venezuela","B","Оплата не подтверждена"
"17","j.herman@keef.com","CINDA","MASON","Женщина","Sweden","C","Оплата не подтверждена"
"18","e.smullen@gmail.com","CLAIRE","SHAFFER","Женщина","Peru","A","Оплата не подтверждена"
"19","maxim06122000@mail.ru","Максимка","Суходлец","Мужчина","Colombia","B","Оплата не подтверждена"
"20","User@mail.ru","Userok","Userok","Мужчина","Colombia","A","Оплата не подтверждена"
"21","us@mail.ru","user","user","Мужчина","Croatia","B","Оплата не подтверждена"
